Year,Actor,Role,Movie,Link, Winner,Ethnicity
1934,Clark Gable,Peter Warne,It Happened One Night,https://en.wikipedia.org//wiki/It_Happened_One_Night,True,"['German', 'Irish', 'SwissGerman', 'Belgian']"
1934,Frank Morga,"Alessandro, Duke of Florence",The Affairs of Cellini,https://en.wikipedia.org//wiki/The_Affairs_of_Cellini,False,[]
1934,William Powel,Nick Charles,The Thin Man,https://en.wikipedia.org//wiki/The_Thin_Man_(film),False,[]
1935,Victor McLaglen,Gypo Nolan,The Informer,https://en.wikipedia.org//wiki/The_Informer_(1935_film),True,"['Afrikaner', 'Dutch', 'German', 'Irish', 'Scottish', 'English']"
1935,Clark Gabl,Lieutenant Fletcher Christian,Mutiny on the Bounty,https://en.wikipedia.org//wiki/Mutiny_on_the_Bounty_(1935_film),False,"['German', 'Irish', 'SwissGerman', 'Belgian']"
1935,Charles Laughto,Captain William Bligh,,https://en.wikipedia.org//wiki/Charles_Laughton,False,['Irish']
1935,Paul Muni ,Joe Radek,Black Fury,https://en.wikipedia.org//wiki/Black_Fury_(film),False,"['Ashkenazi', 'Jewish']"
1935,Franchot Ton,Midshipman Roger Byam,Mutiny on the Bounty,https://en.wikipedia.org//wiki/Mutiny_on_the_Bounty_(1935_film),False,[]
1936,Paul Muni,Louis Pasteur,The Story of Louis Pasteur,https://en.wikipedia.org//wiki/The_Story_of_Louis_Pasteur,True,"['Ashkenazi', 'Jewish']"
1936,Gary Coope,Longfellow Deeds,Mr. Deeds Goes to Town,https://en.wikipedia.org//wiki/Mr._Deeds_Goes_to_Town,False,['English']
1936,Walter Husto,Sam Dodsworth,Dodsworth,https://en.wikipedia.org//wiki/Dodsworth_(film),False,"['ScotsIrishNorthern', 'Irish', 'Scottish']"
1936,William Powel,Godfrey Park,My Man Godfrey,https://en.wikipedia.org//wiki/My_Man_Godfrey,False,[]
1936,Spencer Trac,Father Tim Mullin,San Francisco,https://en.wikipedia.org//wiki/San_Francisco_(1936_film),False,['English']
1937,Spencer Tracy,Manuel Fidello,Captains Courageous,https://en.wikipedia.org//wiki/Captains_Courageous_(1937_film),True,['English']
1937,Charles Boye,Emperor Napoleon Bonaparte,Conquest,https://en.wikipedia.org//wiki/Conquest_(1937_film),False,['French']
1937,Fredric Marc,Norman Maine,A Star Is Born,https://en.wikipedia.org//wiki/A_Star_Is_Born_(1937_film),False,"['English', 'Scottish', 'Dutch', 'German', 'Belgian', 'Flemish', 'Norwegian']"
1937,Robert Montgomer,Danny,Night Must Fall,https://en.wikipedia.org//wiki/Night_Must_Fall_(1937_film),False,[]
1937,Paul Mun,Émile Zola,The Life of Emile Zola,https://en.wikipedia.org//wiki/The_Life_of_Emile_Zola,False,"['Ashkenazi', 'Jewish']"
1938,Spencer Tracy,Father Flanagan,Boys Town,https://en.wikipedia.org//wiki/Boys_Town_(film),True,['English']
1938,Charles Boye,Pepe le Moko,Algiers,https://en.wikipedia.org//wiki/Algiers_(film),False,['French']
1938,James Cagne,Rocky Sullivan,Angels with Dirty Faces,https://en.wikipedia.org//wiki/Angels_with_Dirty_Faces,False,"['Irish25', 'Norwegian']"
1938,Robert Dona,Dr. Andrew Manson,The Citadel,https://en.wikipedia.org//wiki/The_Citadel_(1938_film),False,"['Polish', 'English', 'French', 'German']"
1938,Leslie Howar,Professor Henry Higgins,Pygmalion,https://en.wikipedia.org//wiki/Pygmalion_(1938_film),False,"['Ashkenazi', 'Jewish375', 'English']"
1939,Robert Donat,Charles Edward Chipping,"Goodbye, Mr. Chips","https://en.wikipedia.org//wiki/Goodbye,_Mr._Chips_(1939_film)",True,"['Polish', 'English', 'French', 'German']"
1939,Clark Gabl,Rhett Butler,Gone with the Wind,https://en.wikipedia.org//wiki/Gone_with_the_Wind_(film),False,"['German', 'Irish', 'SwissGerman', 'Belgian']"
1939,Laurence Olivie,Heathcliff,Wuthering Heights,https://en.wikipedia.org//wiki/Wuthering_Heights_(1939_film),False,"['English', 'French', 'Huguenot']"
1939,Mickey Roone,Mickey Moran,Babes in Arms,https://en.wikipedia.org//wiki/Babes_in_Arms_(film),False,"['Scottish', 'English']"
1939,James Stewar,Jefferson Smith,Mr. Smith Goes to Washington,https://en.wikipedia.org//wiki/Mr._Smith_Goes_to_Washington,False,[]
1940,James Stewart,"Macaulay ""Mike"" Connor",The Philadelphia Story,https://en.wikipedia.org//wiki/The_Philadelphia_Story_(film),True,"['ScotsIrishNorthern', 'Irish', 'Scottish', 'Irish', 'English']"
1940,Charlie Chapli,Adenoid Hynkel / The Barber,The Great Dictator,https://en.wikipedia.org//wiki/The_Great_Dictator,False,"['English', 'Irish']"
1940,Henry Fond,Tom Joad,The Grapes of Wrath,https://en.wikipedia.org//wiki/The_Grapes_of_Wrath_(film),False,"['Dutch', 'English', 'Scottish', 'Norwegian', 'German', 'Italian']"
1940,Raymond Masse,Abraham Lincoln,Abe Lincoln in Illinois,https://en.wikipedia.org//wiki/Abe_Lincoln_in_Illinois_(film),False,[]
1940,Laurence Olivie,"Maximilian ""Maxim"" de Winter",Rebecca,https://en.wikipedia.org//wiki/Rebecca_(1940_film),False,"['English', 'French', 'Huguenot']"
1941,Gary Cooper,Sgt. Alvin York,Sergeant York,https://en.wikipedia.org//wiki/Sergeant_York_(film),True,['English']
1941,Cary Gran,Roger Adams,Penny Serenade,https://en.wikipedia.org//wiki/Penny_Serenade,False,"['English', 'Welsh', 'Scottish']"
1941,Walter Husto,Mr. Scratch,The Devil and Daniel Webster,https://en.wikipedia.org//wiki/The_Devil_and_Daniel_Webster_(film),False,"['ScotsIrishNorthern', 'Irish', 'Scottish']"
1941,Robert Montgomer,Joe Pendleton,Here Comes Mr. Jordan,https://en.wikipedia.org//wiki/Here_Comes_Mr._Jordan,False,[]
1941,Orson Welle,Charles Foster Kane,Citizen Kane,https://en.wikipedia.org//wiki/Citizen_Kane,False,"['English', 'Scottish', 'Welsh']"
1942,James Cagney,George M. Cohan,Yankee Doodle Dandy,https://en.wikipedia.org//wiki/Yankee_Doodle_Dandy,True,"['Irish25', 'Norwegian']"
1942,Ronald Colma,Charles Rainier,Random Harvest,https://en.wikipedia.org//wiki/Random_Harvest_(film),False,"['English', 'Scottish']"
1942,Gary Coope,Lou Gehrig,The Pride of the Yankees,https://en.wikipedia.org//wiki/The_Pride_of_the_Yankees,False,['English']
1942,Walter Pidgeo,Clem Miniver,Mrs. Miniver,https://en.wikipedia.org//wiki/Mrs._Miniver,False,[]
1942,Monty Woolle,Howard,The Pied Piper,https://en.wikipedia.org//wiki/The_Pied_Piper_(1942_film),False,[]
1943,Paul Lukas,Kurt Muller,Watch on the Rhine,https://en.wikipedia.org//wiki/Watch_on_the_Rhine,True,"['Ashkenazi', 'Jewish']"
1943,Humphrey Bogar,Rick Blaine,Casablanca,https://en.wikipedia.org//wiki/Casablanca_(film),False,"['English', 'Dutch', 'German', 'French', 'Belgian', 'Walloon', 'Welsh']"
1943,Gary Coope,Robert Jordan,For Whom the Bell Tolls,https://en.wikipedia.org//wiki/For_Whom_the_Bell_Tolls_(film),False,['English']
1943,Walter Pidgeo,Pierre Curie,Madame Curie,https://en.wikipedia.org//wiki/Madame_Curie_(film),False,[]
1943,Mickey Roone,Homer Macauley,The Human Comedy,https://en.wikipedia.org//wiki/The_Human_Comedy_(film),False,"['Scottish', 'English']"
1944,Bing Crosby,Father Chuck O'Malley,Going My Way,https://en.wikipedia.org//wiki/Going_My_Way,True,"['English', 'Irish']"
1944,Charles Boye,Gregory Anton,Gaslight,https://en.wikipedia.org//wiki/Gaslight_(1944_film),False,['French']
1944,Barry Fitzgeral,Father Fitzgibbon,Going My Way,https://en.wikipedia.org//wiki/Going_My_Way,False,['German']
1944,Cary Gran,Ernie Mott,None but the Lonely Heart,https://en.wikipedia.org//wiki/None_but_the_Lonely_Heart_(film),False,"['English', 'Welsh', 'Scottish']"
1944,Alexander Kno,Woodrow Wilson,Wilson,https://en.wikipedia.org//wiki/Woodrow_Wilson,False,[]
1945,Ray Milland,Don Birnam,The Lost Weekend,https://en.wikipedia.org//wiki/The_Lost_Weekend_(film),True,['Welsh']
1945,Bing Crosb,Father Chuck O'Malley,The Bells of St. Mary's,https://en.wikipedia.org//wiki/The_Bells_of_St._Mary%27s,False,"['English', 'Irish']"
1945,Gene Kell,Joseph Brady,Anchors Aweigh,https://en.wikipedia.org//wiki/Anchors_Aweigh_(film),False,"['Irish25', 'German']"
1945,Gregory Pec,Father Francis,The Keys of the Kingdom,https://en.wikipedia.org//wiki/The_Keys_of_the_Kingdom_(film),False,"['Irish', 'English', 'German', 'Welsh']"
1945,Cornel Wild,Frédéric Chopin,A Song to Remember,https://en.wikipedia.org//wiki/A_Song_to_Remember,False,"['Ashkenazi', 'Jewish']"
1946,Fredric March,Platoon Sergeant Al Stephenson,The Best Years of Our Lives,https://en.wikipedia.org//wiki/The_Best_Years_of_Our_Lives,True,"['English', 'Scottish', 'Dutch', 'German', 'Belgian', 'Flemish', 'Norwegian']"
1946,Laurence Olivie,King Henry V of England,Henry V,https://en.wikipedia.org//wiki/Henry_V_of_England,False,"['English', 'French', 'Huguenot']"
1946,Larry Park,Al Jolson,The Jolson Story,https://en.wikipedia.org//wiki/The_Jolson_Story,False,[]
1946,Gregory Pec,"Ezra ""Penny"" Baxter",The Yearling,https://en.wikipedia.org//wiki/The_Yearling_(1946_film),False,"['Irish', 'English', 'German', 'Welsh']"
1946,James Stewar,George Bailey,It's a Wonderful Life,https://en.wikipedia.org//wiki/It%27s_a_Wonderful_Life,False,[]
1947,Ronald Colman,Anthony John,A Double Life,https://en.wikipedia.org//wiki/A_Double_Life_(1947_film),True,"['English', 'Scottish']"
1947,John Garfiel,Charlie Davis,Body and Soul,https://en.wikipedia.org//wiki/Body_and_Soul_(1947_film),False,"['Ashkenazi', 'Jewish']"
1947,Gregory Pec,Philip Schuyler Green,Gentleman's Agreement,https://en.wikipedia.org//wiki/Gentleman%27s_Agreement,False,"['Irish', 'English', 'German', 'Welsh']"
1947,William Powel,"Clarence Day, Sr.",Life with Father,https://en.wikipedia.org//wiki/Life_with_Father_(film),False,[]
1947,Michael Redgrav,Orin Mannon,Mourning Becomes Electra,https://en.wikipedia.org//wiki/Mourning_Becomes_Electra_(film),False,[]
1948,Laurence Olivier,"Hamlet, Prince of Denmark",Hamlet,https://en.wikipedia.org//wiki/Prince_Hamlet,True,"['English', 'French', 'Huguenot']"
1948,Lew Ayre,Dr. Robert Richardson,Johnny Belinda,https://en.wikipedia.org//wiki/Johnny_Belinda_(1948_film),False,[]
1948,Montgomery Clif,"Ralph ""Steve"" Stevenson",The Search,https://en.wikipedia.org//wiki/The_Search,False,"['English', 'Scottish', 'Dutch', 'German', 'French']"
1948,Dan Daile,"""Skid"" Johnson",When My Baby Smiles at Me,https://en.wikipedia.org//wiki/When_My_Baby_Smiles_at_Me_(film),False,[]
1948,Clifton Web,Lynn Aloysius Belvedere,Sitting Pretty,https://en.wikipedia.org//wiki/Sitting_Pretty_(1948_film),False,[]
1949,Broderick Crawford,Willie Stark,All the King's Men,https://en.wikipedia.org//wiki/All_the_King%27s_Men_(1949_film),True,['German']
1949,Kirk Dougla,"Michael ""Midge"" Kelly",Champion,https://en.wikipedia.org//wiki/Champion_(1949_film),False,"['Ashkenazi', 'Jewish']"
1949,Gregory Pec,Brig. General Frank Savage,Twelve O'Clock High,https://en.wikipedia.org//wiki/Twelve_O%27Clock_High,False,"['Irish', 'English', 'German', 'Welsh']"
1949,Richard Tod,"Cpl. Lachlan ""Lachie"" MacLachlan",The Hasty Heart,https://en.wikipedia.org//wiki/The_Hasty_Heart,False,[]
1949,John Wayn,Sergeant John M. Stryker,Sands of Iwo Jima,https://en.wikipedia.org//wiki/Sands_of_Iwo_Jima,False,"['English', 'ScotsIrishNorthern', 'Irish', 'Irish']"
1950,José Ferrer,Cyrano de Bergerac,Cyrano de Bergerac,https://en.wikipedia.org//wiki/Cyrano_de_Bergerac,True,[]
1950,Louis Calher,Oliver Wendell Holmes,The Magnificent Yankee,https://en.wikipedia.org//wiki/The_Magnificent_Yankee_(1950_film),False,[]
1950,William Holde,Joe Gillis,Sunset Boulevard,https://en.wikipedia.org//wiki/Sunset_Boulevard_(film),False,"['English', 'Irish', 'French']"
1950,James Stewar,Elwood P. Dowd,Harvey,https://en.wikipedia.org//wiki/Harvey_(film),False,[]
1950,Spencer Trac,Stanley T. Banks,Father of the Bride,https://en.wikipedia.org//wiki/Father_of_the_Bride_(1950_film),False,['English']
1951,Humphrey Bogart,Charlie Allnut,The African Queen,https://en.wikipedia.org//wiki/The_African_Queen_(film),True,"['English', 'Dutch', 'German', 'French', 'Belgian', 'Walloon', 'Welsh']"
1951,Marlon Brand,Stanley Kowalski,A Streetcar Named Desire,https://en.wikipedia.org//wiki/A_Streetcar_Named_Desire_(1951_film),False,"['English', 'Irish', 'German', 'Dutch', 'French', 'Huguenot', 'Welsh', 'Scottish']"
1951,Montgomery Clif,George Eastman,A Place in the Sun,https://en.wikipedia.org//wiki/A_Place_in_the_Sun_(film),False,"['English', 'Scottish', 'Dutch', 'German', 'French']"
1951,Arthur Kenned,Larry Nevins,Bright Victory,https://en.wikipedia.org//wiki/Bright_Victory,False,[]
1951,Fredric Marc,Willy Loman,Death of a Salesman,https://en.wikipedia.org//wiki/Death_of_a_Salesman_(1951_film),False,"['English', 'Scottish', 'Dutch', 'German', 'Belgian', 'Flemish', 'Norwegian']"
1952,Gary Cooper,Marshal Will Kane,High Noon,https://en.wikipedia.org//wiki/High_Noon,True,['English']
1952,Marlon Brand,Emiliano Zapata,Viva Zapata!,https://en.wikipedia.org//wiki/Viva_Zapata!,False,"['English', 'Irish', 'German', 'Dutch', 'French', 'Huguenot', 'Welsh', 'Scottish']"
1952,Kirk Dougla,Jonathan Shields,The Bad and the Beautiful,https://en.wikipedia.org//wiki/The_Bad_and_the_Beautiful,False,"['Ashkenazi', 'Jewish']"
1952,José Ferre,Henri de Toulouse-LautrecComte Alphonse de Toulouse-Lautrec,Moulin Rouge,https://en.wikipedia.org//wiki/Moulin_Rouge_(1952_film),False,[]
1952,Alec Guinnes,Holland,The Lavender Hill Mob,https://en.wikipedia.org//wiki/The_Lavender_Hill_Mob,False,[]
1953,William Holden,Sgt. J.J. Sefton,Stalag 17,https://en.wikipedia.org//wiki/Stalag_17,True,"['English', 'Irish', 'French']"
1953,Marlon Brand,Mark Antony,Julius Caesar,https://en.wikipedia.org//wiki/Julius_Caesar_(1953_film),False,"['English', 'Irish', 'German', 'Dutch', 'French', 'Huguenot', 'Welsh', 'Scottish']"
1953,Richard Burto,Marcellus Gallio,The Robe,https://en.wikipedia.org//wiki/The_Robe_(film),False,['Welsh']
1953,Montgomery Clif,"Pvt. Robert E. Lee ""Prew"" Prewitt",From Here to Eternity,https://en.wikipedia.org//wiki/From_Here_to_Eternity,False,"['English', 'Scottish', 'Dutch', 'German', 'French']"
1953,Burt Lancaste,1st Sgt. Milton Warden,,https://en.wikipedia.org//wiki/Burt_Lancaster,False,"['Northern', 'Irish', 'ScotsIrish']"
1954,Marlon Brando,Terry Malloy,On the Waterfront,https://en.wikipedia.org//wiki/On_the_Waterfront,True,"['English', 'Irish', 'German', 'Dutch', 'French', 'Huguenot', 'Welsh', 'Scottish']"
1954,Humphrey Bogar,Lt. Cmdr. Philip Francis Queeg,The Caine Mutiny,https://en.wikipedia.org//wiki/The_Caine_Mutiny_(film),False,"['English', 'Dutch', 'German', 'French', 'Belgian', 'Walloon', 'Welsh']"
1954,Bing Crosb,Frank Elgin,The Country Girl,https://en.wikipedia.org//wiki/The_Country_Girl_(1954_film),False,"['English', 'Irish']"
1954,James Maso,Norman Maine,A Star Is Born,https://en.wikipedia.org//wiki/A_Star_Is_Born_(1954_film),False,['English']
1954,Dan O'Herlih,Robinson Crusoe,Robinson Crusoe,https://en.wikipedia.org//wiki/Robinson_Crusoe_(1954_film),False,[]
1955,Ernest Borgnine,Marty Piletti,Marty,https://en.wikipedia.org//wiki/Marty_(film),True,['Italian']
1955,James Cagne,Martin Snyder,Love Me or Leave Me,https://en.wikipedia.org//wiki/Love_Me_or_Leave_Me_(film),False,"['Irish25', 'Norwegian']"
1955,James Dean *,Cal Trask,East of Eden,https://en.wikipedia.org//wiki/East_of_Eden_(film),False,"['English', 'German', 'Scottish', 'Irish', 'Welsh', 'Dutch']"
1955,Frank Sinatr,Frankie Machine,The Man with the Golden Arm,https://en.wikipedia.org//wiki/The_Man_with_the_Golden_Arm,False,"['Italian', 'Sicilian']"
1955,Spencer Trac,John J. Macreedy,Bad Day at Black Rock,https://en.wikipedia.org//wiki/Bad_Day_at_Black_Rock,False,['English']
1956,Yul Brynner,King Mongkut of Siam,The King and I,https://en.wikipedia.org//wiki/The_King_and_I_(1956_film),True,"['Russian25', 'SwissGerman']"
1956,James Dean *,Jett Rink,Giant,https://en.wikipedia.org//wiki/Giant_(1956_film),False,"['English', 'German', 'Scottish', 'Irish', 'Welsh', 'Dutch']"
1956,Kirk Dougla,Vincent van Gogh,Lust for Life,https://en.wikipedia.org//wiki/Lust_for_Life_(1956_film),False,"['Ashkenazi', 'Jewish']"
1956,Rock Hudso,"Jordan ""Bick"" Benedict Jr.",Giant,https://en.wikipedia.org//wiki/Giant_(1956_film),False,"['German', 'SwissGerman25', 'English25', 'Irish']"
1956,Laurence Olivie,King Richard III of England,Richard III,https://en.wikipedia.org//wiki/Richard_III_of_England,False,"['English', 'French', 'Huguenot']"
1957,Alec Guinness,Lieutenant Colonel Nicholson,The Bridge on the River Kwai,https://en.wikipedia.org//wiki/The_Bridge_on_the_River_Kwai,True,[]
1957,Marlon Brand,"Major Lloyd ""Ace"" Gruver, USAF",Sayonara,https://en.wikipedia.org//wiki/Sayonara,False,"['English', 'Irish', 'German', 'Dutch', 'French', 'Huguenot', 'Welsh', 'Scottish']"
1957,Anthony Francios,Polo Pope,A Hatful of Rain,https://en.wikipedia.org//wiki/A_Hatful_of_Rain,False,[]
1957,Charles Laughto,Sir Wilfrid Robarts,Witness for the Prosecution,https://en.wikipedia.org//wiki/Witness_for_the_Prosecution_(1957_film),False,['Irish']
1957,Anthony Quin,Gino,Wild Is the Wind,https://en.wikipedia.org//wiki/Wild_Is_the_Wind,False,"['Irish75', 'Mexican', 'Spanish', 'Indigenous']"
1958,David Niven,Major Angus Pollock,Separate Tables,https://en.wikipedia.org//wiki/Separate_Tables_(film),True,"['English', 'Scottish', 'French']"
1958,Tony Curti,"John ""Joker"" Jackson",The Defiant Ones,https://en.wikipedia.org//wiki/The_Defiant_Ones,False,"['Ashkenazi', 'Jewish']"
1958,Paul Newma,Brick Pollitt,Cat on a Hot Tin Roof,https://en.wikipedia.org//wiki/Cat_on_a_Hot_Tin_Roof_(1958_film),False,"['Jewish', 'Slovak']"
1958,Sidney Poitie,Noah Cullen,The Defiant Ones,https://en.wikipedia.org//wiki/The_Defiant_Ones,False,['AfricanBahamian']
1958,Spencer Trac,The Old Man,The Old Man and the Sea,https://en.wikipedia.org//wiki/The_Old_Man_and_the_Sea_(1958_film),False,['English']
1959,Charlton Heston,Judah Ben-Hur,Ben-Hur,https://en.wikipedia.org//wiki/Judah_Ben-Hur,True,"['English', 'Scottish', 'Cornish', 'German']"
1959,Laurence Harve,Joe Lampton,Room at the Top,https://en.wikipedia.org//wiki/Room_at_the_Top_(1959_film),False,"['Ashkenazi', 'Jewish']"
1959,Jack Lemmo,Jerry / Daphne,Some Like It Hot,https://en.wikipedia.org//wiki/Some_Like_It_Hot,False,"['English', 'Irish', 'Scottish', 'French', 'Dutch', 'Welsh']"
1959,Paul Mun,Dr. Sam Abelman,The Last Angry Man,https://en.wikipedia.org//wiki/The_Last_Angry_Man,False,"['Ashkenazi', 'Jewish']"
1959,James Stewar,Paul Biegler,Anatomy of a Murder,https://en.wikipedia.org//wiki/Anatomy_of_a_Murder,False,[]
1960,Burt Lancaster,Elmer Gantry,Elmer Gantry,https://en.wikipedia.org//wiki/Elmer_Gantry_(film),True,"['Northern', 'Irish', 'ScotsIrish']"
1960,Trevor Howar,Walter Morel,Sons and Lovers,https://en.wikipedia.org//wiki/Sons_and_Lovers_(film),False,['English']
1960,Jack Lemmo,"C. C. ""Bud"" Baxter",The Apartment,https://en.wikipedia.org//wiki/The_Apartment,False,"['English', 'Irish', 'Scottish', 'French', 'Dutch', 'Welsh']"
1960,Laurence Olivie,Archie Rice,The Entertainer,https://en.wikipedia.org//wiki/The_Entertainer_(film),False,"['English', 'French', 'Huguenot']"
1960,Spencer Trac,Henry Drummond,Inherit the Wind,https://en.wikipedia.org//wiki/Inherit_the_Wind_(1960_film),False,['English']
1961,Maximilian Schell,Hans Rolfe,Judgment at Nuremberg,https://en.wikipedia.org//wiki/Judgment_at_Nuremberg,True,"['SwissGerman', 'Austrian']"
1961,Charles Boye,Cesar,Fanny,https://en.wikipedia.org//wiki/Fanny_(1961_film),False,['French']
1961,Paul Newma,Eddie Felson,The Hustler,https://en.wikipedia.org//wiki/The_Hustler_(film),False,"['Jewish', 'Slovak']"
1961,Spencer Trac,Chief Judge Dan Haywood,Judgment at Nuremberg,https://en.wikipedia.org//wiki/Judgment_at_Nuremberg,False,['English']
1961,Stuart Whitma,Jim Fuller,The Mark,https://en.wikipedia.org//wiki/The_Mark_(1961_film),False,"['Ashkenazi', 'Jewish']"
1962,Gregory Peck,Atticus Finch,To Kill a Mockingbird,https://en.wikipedia.org//wiki/To_Kill_a_Mockingbird_(film),True,"['Irish', 'English', 'German', 'Welsh']"
1962,Burt Lancaste,Robert Stroud,Birdman of Alcatraz,https://en.wikipedia.org//wiki/Birdman_of_Alcatraz_(film),False,"['Northern', 'Irish', 'ScotsIrish']"
1962,Jack Lemmo,Joe Clay,Days of Wine and Roses,https://en.wikipedia.org//wiki/Days_of_Wine_and_Roses_(film),False,"['English', 'Irish', 'Scottish', 'French', 'Dutch', 'Welsh']"
1962,Marcello Mastroiann,Ferdinando Cefalù,Divorce Italian Style,https://en.wikipedia.org//wiki/Divorce_Italian_Style,False,['Italian']
1962,Peter O'Tool,T. E. Lawrence,Lawrence of Arabia,https://en.wikipedia.org//wiki/Lawrence_of_Arabia_(film),False,"['Irish', 'Scottish']"
1963,Sidney Poitier,Homer Smith,Lilies of the Field,https://en.wikipedia.org//wiki/Lilies_of_the_Field_(1963_film),True,['AfricanBahamian']
1963,Albert Finne,Tom Jones,Tom Jones,https://en.wikipedia.org//wiki/Tom_Jones_(1963_film),False,[]
1963,Richard Harri,Frank Machin,This Sporting Life,https://en.wikipedia.org//wiki/This_Sporting_Life,False,"['Irish', 'English']"
1963,Rex Harriso,Julius Caesar,Cleopatra,https://en.wikipedia.org//wiki/Cleopatra_(1963_film),False,"['English', 'Scottish']"
1963,Paul Newma,Hud Bannon,Hud,https://en.wikipedia.org//wiki/Hud_(1963_film),False,"['Jewish', 'Slovak']"
1964,Rex Harrison,Professor Henry Higgins,My Fair Lady,https://en.wikipedia.org//wiki/My_Fair_Lady_(film),True,"['English', 'Scottish']"
1964,Richard Burto,Thomas Becket,Becket,https://en.wikipedia.org//wiki/Thomas_Becket,False,['Welsh']
1964,Peter O'Tool,King Henry II of England,,https://en.wikipedia.org//wiki/Peter_O%27Toole,False,"['Irish', 'Scottish']"
1964,Anthony Quin,Alexis Zorba,Zorba the Greek,https://en.wikipedia.org//wiki/Zorba_the_Greek_(film),False,"['Irish75', 'Mexican', 'Spanish', 'Indigenous']"
1964,Peter Seller,Group Captain Lionel MandrakePresident Merkin MuffleyDr. Strangelove,Dr. Strangelove,https://en.wikipedia.org//wiki/Dr._Strangelove,False,"['Sephardi', 'Jewish', 'Ashkenazi', 'Jewish']"
1965,Lee Marvin,Kid ShelleenTim Strawn,Cat Ballou,https://en.wikipedia.org//wiki/Cat_Ballou,True,"['English', 'Irish', 'Scottish']"
1965,Richard Burto,Alec Leamas,The Spy Who Came In from the Cold,https://en.wikipedia.org//wiki/The_Spy_Who_Came_In_from_the_Cold_(film),False,['Welsh']
1965,Laurence Olivie,Othello,Othello,https://en.wikipedia.org//wiki/Othello_(character),False,"['English', 'French', 'Huguenot']"
1965,Rod Steige,Sol Nazerman,The Pawnbroker,https://en.wikipedia.org//wiki/The_Pawnbroker_(film),False,"['German', 'AustrianMoravian']"
1965,Oskar Werne,Willie Schumann,Ship of Fools,https://en.wikipedia.org//wiki/Ship_of_Fools_(film),False,[]
1966,Paul Scofield,Sir Thomas More,A Man for All Seasons,https://en.wikipedia.org//wiki/A_Man_for_All_Seasons_(1966_film),True,['English']
1966,Alan Arki,Lt. Rozanov,"The Russians Are Coming, the Russians Are Coming","https://en.wikipedia.org//wiki/The_Russians_Are_Coming,_the_Russians_Are_Coming",False,"['Ashkenazi', 'Jewish']"
1966,Richard Burto,George,Who's Afraid of Virginia Woolf?,https://en.wikipedia.org//wiki/Who%27s_Afraid_of_Virginia_Woolf%3F_(film),False,['Welsh']
1966,Michael Cain,Alfie Elkins,Alfie,https://en.wikipedia.org//wiki/Alfie_(1966_film),False,"['English', 'Irish']"
1966,Steve McQuee,Jake Holman,The Sand Pebbles,https://en.wikipedia.org//wiki/The_Sand_Pebbles_(film),False,"['Scottish', 'English', 'ScotsIrishNorthern', 'Irish', 'German', 'Cornish', 'Dutch', 'Welsh']"
1967,Rod Steiger,Police Chief Bill Gillespie,In the Heat of the Night,https://en.wikipedia.org//wiki/In_the_Heat_of_the_Night_(film),True,"['German', 'AustrianMoravian']"
1967,Warren Beatt,Clyde Barrow,Bonnie and Clyde,https://en.wikipedia.org//wiki/Bonnie_and_Clyde_(film),False,"['English', 'Scottish', 'Irish', 'French', 'Danish', 'Dutch']"
1967,Dustin Hoffma,Benjamin Braddock,The Graduate,https://en.wikipedia.org//wiki/The_Graduate,False,"['Ashkenazi', 'Jewish']"
1967,Paul Newma,"Lucas ""Cool Hand Luke"" Jackson",Cool Hand Luke,https://en.wikipedia.org//wiki/Cool_Hand_Luke,False,"['Jewish', 'Slovak']"
1967,Spencer Tracy *,Matt Drayton,Guess Who's Coming to Dinner,https://en.wikipedia.org//wiki/Guess_Who%27s_Coming_to_Dinner,False,['English']
1968,Cliff Robertson,Charly Gordon,Charly,https://en.wikipedia.org//wiki/Charly,True,"['English', 'German']"
1968,Alan Arki,John Singer,The Heart Is a Lonely Hunter,https://en.wikipedia.org//wiki/The_Heart_Is_a_Lonely_Hunter_(film),False,"['Ashkenazi', 'Jewish']"
1968,Alan Bate,Yakov Bok,The Fixer,https://en.wikipedia.org//wiki/The_Fixer_(1968_film),False,[]
1968,Ron Mood,Fagin,Oliver!,https://en.wikipedia.org//wiki/Oliver!_(film),False,[]
1968,Peter O'Tool,King Henry II of England,The Lion in Winter,https://en.wikipedia.org//wiki/The_Lion_in_Winter_(1968_film),False,"['Irish', 'Scottish']"
1969,John Wayne,"Reuben ""Rooster"" Cogburn",True Grit,https://en.wikipedia.org//wiki/True_Grit_(1969_film),True,"['English', 'ScotsIrishNorthern', 'Irish', 'Irish']"
1969,Richard Burto,King Henry VIII of England,Anne of the Thousand Days,https://en.wikipedia.org//wiki/Anne_of_the_Thousand_Days,False,['Welsh']
1969,Dustin Hoffma,"Enrico Salvatore ""Ratso"" ""Rico"" Rizzo",Midnight Cowboy,https://en.wikipedia.org//wiki/Midnight_Cowboy,False,"['Ashkenazi', 'Jewish']"
1969,Peter O'Tool,Arthur Chipping,"Goodbye, Mr. Chips","https://en.wikipedia.org//wiki/Goodbye,_Mr._Chips_(1969_film)",False,"['Irish', 'Scottish']"
1969,Jon Voigh,Joe Buck,Midnight Cowboy,https://en.wikipedia.org//wiki/Midnight_Cowboy,False,['German']
1970,George C. Scott §,General George S. Patton Jr.,Patton,https://en.wikipedia.org//wiki/George_S._Patton,True,[]
1970,Melvyn Dougla,Tom Garrison,I Never Sang for My Father,https://en.wikipedia.org//wiki/I_Never_Sang_for_My_Father,False,"['Jewish', 'English', 'Scottish']"
1970,James Earl Jone,Jack Jefferson,The Great White Hope,https://en.wikipedia.org//wiki/The_Great_White_Hope_(film),False,['AfricanAmerican']
1970,Jack Nicholso,Robert Eroica Dupea,Five Easy Pieces,https://en.wikipedia.org//wiki/Five_Easy_Pieces,False,"['Irish', 'Scottish', 'English', 'Pennsylvania', 'DutchGerman', 'Welshbiological', 'Italian', 'Latvian', 'Ashkenazi', 'Jewish', 'Baltic', 'German']"
1970,Ryan O'Nea,Oliver Barrett IV,Love Story,https://en.wikipedia.org//wiki/Love_Story_(1970_film),False,"['Irish', 'English25', 'Ashkenazi', 'Jewish']"
1971,Gene Hackman,"Detective Jimmy ""Popeye"" Doyle",The French Connection,https://en.wikipedia.org//wiki/The_French_Connection_(film),True,"['English', 'German', 'Scottish', 'Dutch']"
1971,Peter Finc,Dr. Daniel Hirsh,Sunday Bloody Sunday,https://en.wikipedia.org//wiki/Sunday_Bloody_Sunday_(film),False,"['English', 'Scottish']"
1971,Walter Mattha,Joseph P. Kotcher,Kotch,https://en.wikipedia.org//wiki/Kotch,False,"['Ashkenazi', 'Jewish']"
1971,George C. Scot,Dr. Herbert Bock,The Hospital,https://en.wikipedia.org//wiki/The_Hospital,False,"['English', 'German', 'Irish', 'Scottish']"
1971,Topo,Tevye,Fiddler on the Roof,https://en.wikipedia.org//wiki/Fiddler_on_the_Roof_(film),False,[]
1972,Marlon Brando §,Vito Corleone,The Godfather,https://en.wikipedia.org//wiki/The_Godfather,True,[]
1972,Michael Cain,Milo Tindle,Sleuth,https://en.wikipedia.org//wiki/Sleuth_(1972_film),False,"['English', 'Irish']"
1972,Laurence Olivie,Andrew Wyke,,https://en.wikipedia.org//wiki/Laurence_Olivier,False,"['English', 'French', 'Huguenot']"
1972,Peter O'Tool,"Jack Gurney, 14th Earl of Gurney",The Ruling Class,https://en.wikipedia.org//wiki/The_Ruling_Class_(film),False,"['Irish', 'Scottish']"
1972,Paul Winfiel,Nathan Lee Morgan,Sounder,https://en.wikipedia.org//wiki/Sounder_(film),False,[]
1973,Jack Lemmon,Harry Stoner,Save the Tiger,https://en.wikipedia.org//wiki/Save_the_Tiger,True,"['English', 'Irish', 'Scottish', 'French', 'Dutch', 'Welsh']"
1973,Marlon Brand,Paul,Last Tango in Paris,https://en.wikipedia.org//wiki/Last_Tango_in_Paris,False,"['English', 'Irish', 'German', 'Dutch', 'French', 'Huguenot', 'Welsh', 'Scottish']"
1973,Jack Nicholso,"Signalman First Class Billy L. ""Badass"" Buddusky",The Last Detail,https://en.wikipedia.org//wiki/The_Last_Detail,False,"['Irish', 'Scottish', 'English', 'Pennsylvania', 'DutchGerman', 'Welshbiological', 'Italian', 'Latvian', 'Ashkenazi', 'Jewish', 'Baltic', 'German']"
1973,Al Pacin,Frank Serpico,Serpico,https://en.wikipedia.org//wiki/Frank_Serpico,False,"['Italian', 'Sicilian', 'Neapolitan']"
1973,Robert Redfor,"Johnny ""Kelly"" Hooker",The Sting,https://en.wikipedia.org//wiki/The_Sting,False,"['English', 'Irish', 'Scottish', 'Northern', 'IrishScotsIrish', 'Cornish']"
1974,Art Carney,Harry Coombes,Harry and Tonto,https://en.wikipedia.org//wiki/Harry_and_Tonto,True,['Irish']
1974,Albert Finne,Hercule Poirot,Murder on the Orient Express,https://en.wikipedia.org//wiki/Murder_on_the_Orient_Express_(1974_film),False,[]
1974,Dustin Hoffma,Lenny Bruce,Lenny,https://en.wikipedia.org//wiki/Lenny_Bruce,False,"['Ashkenazi', 'Jewish']"
1974,Jack Nicholso,"J. J. ""Jake"" Gittes",Chinatown,https://en.wikipedia.org//wiki/Chinatown_(1974_film),False,"['Irish', 'Scottish', 'English', 'Pennsylvania', 'DutchGerman', 'Welshbiological', 'Italian', 'Latvian', 'Ashkenazi', 'Jewish', 'Baltic', 'German']"
1974,Al Pacin,Michael Corleone,The Godfather Part II,https://en.wikipedia.org//wiki/The_Godfather_Part_II,False,"['Italian', 'Sicilian', 'Neapolitan']"
1975,Jack Nicholson,"Randle Patrick ""Mac"" McMurphy",One Flew Over the Cuckoo's Nest,https://en.wikipedia.org//wiki/One_Flew_Over_the_Cuckoo%27s_Nest_(film),True,"['Irish', 'Scottish', 'English', 'Pennsylvania', 'DutchGerman', 'Welshbiological', 'Italian', 'Latvian', 'Ashkenazi', 'Jewish', 'Baltic', 'German']"
1975,Walter Mattha,Willy Clark,The Sunshine Boys,https://en.wikipedia.org//wiki/The_Sunshine_Boys_(1975_film),False,"['Ashkenazi', 'Jewish']"
1975,Al Pacin,Sonny Wortzik,Dog Day Afternoon,https://en.wikipedia.org//wiki/Dog_Day_Afternoon,False,"['Italian', 'Sicilian', 'Neapolitan']"
1975,Maximilian Schel,Arthur Goldman,The Man in the Glass Booth,https://en.wikipedia.org//wiki/The_Man_in_the_Glass_Booth,False,"['SwissGerman', 'Austrian']"
1975,James Whitmor,Harry S. Truman,"Give 'em Hell, Harry!","https://en.wikipedia.org//wiki/Give_%27em_Hell,_Harry!",False,[]
1976,Peter Finch ^,Howard Beale,Network,https://en.wikipedia.org//wiki/Network_(1976_film),True,[]
1976,Robert De Nir,Travis Bickle,Taxi Driver,https://en.wikipedia.org//wiki/Taxi_Driver,False,"['Italian', 'Irish', 'German', 'Dutch', 'English', 'French', 'Huguenot', 'Scottish', 'ScotsIrishNorthern', 'Irish']"
1976,Giancarlo Giannin,Pasqualino Frafuso,Seven Beauties,https://en.wikipedia.org//wiki/Seven_Beauties,False,['Italian']
1976,William Holde,Max Schumacher,Network,https://en.wikipedia.org//wiki/Network_(1976_film),False,"['English', 'Irish', 'French']"
1976,Sylvester Stallon,Rocky Balboa,Rocky,https://en.wikipedia.org//wiki/Rocky_Balboa,False,"['Italian25', 'French', 'Breton25', 'German', 'Ashkenazi', 'Jewish']"
1977,Richard Dreyfuss,Elliot Garfield,The Goodbye Girl,https://en.wikipedia.org//wiki/The_Goodbye_Girl,True,"['Ashkenazi', 'Jewish']"
1977,Woody Alle,Alvy Singer,Annie Hall,https://en.wikipedia.org//wiki/Annie_Hall,False,"['Ashkenazi', 'Jewish']"
1977,Richard Burto,Martin Dysart,Equus,https://en.wikipedia.org//wiki/Equus_(film),False,['Welsh']
1977,Marcello Mastroiann,Gabriele,A Special Day,https://en.wikipedia.org//wiki/A_Special_Day,False,['Italian']
1977,John Travolt,"Anthony ""Tony"" Manero",Saturday Night Fever,https://en.wikipedia.org//wiki/Saturday_Night_Fever,False,"['ItalianSicilian50', 'Irish']"
1978,Jon Voight,Luke Martin,Coming Home,https://en.wikipedia.org//wiki/Coming_Home_(1978_film),True,['German']
1978,Warren Beatt,Joe Pendleton,Heaven Can Wait,https://en.wikipedia.org//wiki/Heaven_Can_Wait_(1978_film),False,"['English', 'Scottish', 'Irish', 'French', 'Danish', 'Dutch']"
1978,Gary Buse,Buddy Holly,The Buddy Holly Story,https://en.wikipedia.org//wiki/The_Buddy_Holly_Story,False,[]
1978,Robert De Nir,Michael Vronsky,The Deer Hunter,https://en.wikipedia.org//wiki/The_Deer_Hunter,False,"['Italian', 'Irish', 'German', 'Dutch', 'English', 'French', 'Huguenot', 'Scottish', 'ScotsIrishNorthern', 'Irish']"
1978,Laurence Olivie,Ezra Lieberman,The Boys from Brazil,https://en.wikipedia.org//wiki/The_Boys_from_Brazil_(film),False,"['English', 'French', 'Huguenot']"
1979,Dustin Hoffman,Ted Kramer,Kramer vs. Kramer,https://en.wikipedia.org//wiki/Kramer_vs._Kramer,True,"['Ashkenazi', 'Jewish']"
1979,Jack Lemmo,Jack Godell,The China Syndrome,https://en.wikipedia.org//wiki/The_China_Syndrome,False,"['English', 'Irish', 'Scottish', 'French', 'Dutch', 'Welsh']"
1979,Al Pacin,Arthur Kirkland,...And Justice for All.,https://en.wikipedia.org//wiki/...And_Justice_for_All.,False,"['Italian', 'Sicilian', 'Neapolitan']"
1979,Roy Scheide,Joe Gideon,All That Jazz,https://en.wikipedia.org//wiki/All_That_Jazz_(film),False,"['German', 'Irish']"
1979,Peter Seller,"Chance the Gardener, aka Chauncey Gardiner",Being There,https://en.wikipedia.org//wiki/Being_There,False,"['Sephardi', 'Jewish', 'Ashkenazi', 'Jewish']"
1980,Robert De Niro,Jake LaMotta,Raging Bull,https://en.wikipedia.org//wiki/Raging_Bull,True,"['Italian', 'Irish', 'German', 'Dutch', 'English', 'French', 'Huguenot', 'Scottish', 'ScotsIrishNorthern', 'Irish']"
1980,Robert Duval,"Lieutenant Colonel Wilbur ""Bull"" Meechum",The Great Santini,https://en.wikipedia.org//wiki/The_Great_Santini,False,"['English', 'German', 'SwissGerman', 'French', 'Welsh', 'Scottish']"
1980,John Hur,John Merrick,The Elephant Man,https://en.wikipedia.org//wiki/The_Elephant_Man_(film),False,['English']
1980,Jack Lemmo,Scottie Templeton,Tribute,https://en.wikipedia.org//wiki/Tribute_(1980_film),False,"['English', 'Irish', 'Scottish', 'French', 'Dutch', 'Welsh']"
1980,Peter O'Tool,Eli Cross,The Stunt Man,https://en.wikipedia.org//wiki/The_Stunt_Man,False,"['Irish', 'Scottish']"
1981,Henry Fonda,Norman Thayer Jr.,On Golden Pond,https://en.wikipedia.org//wiki/On_Golden_Pond_(1981_film),True,"['Dutch', 'English', 'Scottish', 'Norwegian', 'German', 'Italian']"
1981,Warren Beatt,"John Silas ""Jack"" Reed",Reds,https://en.wikipedia.org//wiki/Reds_(film),False,"['English', 'Scottish', 'Irish', 'French', 'Danish', 'Dutch']"
1981,Burt Lancaste,Lou Pascal,Atlantic City,https://en.wikipedia.org//wiki/Atlantic_City_(1980_film),False,"['Northern', 'Irish', 'ScotsIrish']"
1981,Dudley Moor,Arthur Bach,Arthur,https://en.wikipedia.org//wiki/Arthur_(1981_film),False,"['English', 'Welsh']"
1981,Paul Newma,Michael Colin Gallagher,Absence of Malice,https://en.wikipedia.org//wiki/Absence_of_Malice,False,"['Jewish', 'Slovak']"
1982,Ben Kingsley,Mahatma Gandhi,Gandhi,https://en.wikipedia.org//wiki/Mahatma_Gandhi,True,"['Gujarati', 'Indianmaternal', 'Englishmaternal', 'Ashkenazi', 'Jewish']"
1982,Dustin Hoffma,Michael Dorsey / Dorothy Michaels,Tootsie,https://en.wikipedia.org//wiki/Tootsie,False,"['Ashkenazi', 'Jewish']"
1982,Jack Lemmo,Edmund Horman,Missing,https://en.wikipedia.org//wiki/Missing_(1982_film),False,"['English', 'Irish', 'Scottish', 'French', 'Dutch', 'Welsh']"
1982,Paul Newma,Frank Galvin,The Verdict,https://en.wikipedia.org//wiki/The_Verdict,False,"['Jewish', 'Slovak']"
1982,Peter O'Tool,Alan Swann,My Favorite Year,https://en.wikipedia.org//wiki/My_Favorite_Year,False,"['Irish', 'Scottish']"
1983,Robert Duvall,Mac Sledge,Tender Mercies,https://en.wikipedia.org//wiki/Tender_Mercies,True,"['English', 'German', 'SwissGerman', 'French', 'Welsh', 'Scottish']"
1983,Michael Cain,Dr. Frank Bryant,Educating Rita,https://en.wikipedia.org//wiki/Educating_Rita_(film),False,"['English', 'Irish']"
1983,Tom Cont,Gowan McGland,"Reuben, Reuben","https://en.wikipedia.org//wiki/Reuben,_Reuben",False,[]
1983,Tom Courtena,Norman,The Dresser,https://en.wikipedia.org//wiki/The_Dresser_(1983_film),False,"['English', 'Scottish', 'Irish', 'Northern', 'Irish']"
1983,Albert Finne,Sir,,https://en.wikipedia.org//wiki/Albert_Finney,False,[]
1984,F. Murray Abraham,Antonio Salieri,Amadeus,https://en.wikipedia.org//wiki/Amadeus_(film),True,['Italian']
1984,Jeff Bridge,Starman,Starman,https://en.wikipedia.org//wiki/Starman_(film),False,"['English', 'ScotsIrishNorthern', 'Irish', 'Irish', 'SwissGerman', 'German']"
1984,Albert Finne,Geoffrey Firmin,Under the Volcano,https://en.wikipedia.org//wiki/Under_the_Volcano_(film),False,[]
1984,Tom Hulc,Wolfgang Amadeus Mozart,Amadeus,https://en.wikipedia.org//wiki/Wolfgang_Amadeus_Mozart,False,"['English', 'German', 'Irish', 'Dutch']"
1984,Sam Watersto,Sydney Schanberg,The Killing Fields,https://en.wikipedia.org//wiki/The_Killing_Fields_(film),False,"['English', 'Scottish']"
1985,William Hurt,Luis Molina,Kiss of the Spider Woman,https://en.wikipedia.org//wiki/Kiss_of_the_Spider_Woman_(film),True,"['English', 'German', 'Scottish', 'Irish', 'ScotsIrishNorthern', 'Irish', 'Swedish']"
1985,Harrison For,Detective Captain John Book,Witness,https://en.wikipedia.org//wiki/Witness_(1985_film),False,"['Irish', 'German', 'Ashkenazi', 'Jewish']"
1985,James Garne,Murphy Jones,Murphy's Romance,https://en.wikipedia.org//wiki/Murphy%27s_Romance,False,"['English', 'Irish', 'German', 'Welsh', 'SwissGerman']"
1985,Jack Nicholso,Charley Partanna,Prizzi's Honor,https://en.wikipedia.org//wiki/Prizzi%27s_Honor,False,"['Irish', 'Scottish', 'English', 'Pennsylvania', 'DutchGerman', 'Welshbiological', 'Italian', 'Latvian', 'Ashkenazi', 'Jewish', 'Baltic', 'German']"
1985,Jon Voigh,"Oscar ""Manny"" Manheim",Runaway Train,https://en.wikipedia.org//wiki/Runaway_Train_(film),False,['German']
1986,Paul Newman,Fast Eddie Felson,The Color of Money,https://en.wikipedia.org//wiki/The_Color_of_Money,True,"['Jewish', 'Slovak']"
1986,Dexter Gordo,Dale Turner,Round Midnight,https://en.wikipedia.org//wiki/Round_Midnight_(film),False,[]
1986,Bob Hoskin,George,Mona Lisa,https://en.wikipedia.org//wiki/Mona_Lisa_(1986_film),False,"['English', 'Romani']"
1986,William Hur,James Leeds,Children of a Lesser God,https://en.wikipedia.org//wiki/Children_of_a_Lesser_God_(film),False,"['English', 'German', 'Scottish', 'Irish', 'ScotsIrishNorthern', 'Irish', 'Swedish']"
1986,James Wood,Richard Boyle,Salvador,https://en.wikipedia.org//wiki/Salvador_(film),False,"['Irish', 'English', 'German']"
1987,Michael Douglas,Gordon Gekko,Wall Street,https://en.wikipedia.org//wiki/Wall_Street_(1987_film),True,"['Ashkenazi', 'Jewish', 'English', 'Irish', 'Welsh', 'Dutch', 'Scottish', 'Belgian', 'French']"
1987,William Hur,Tom Grunick,Broadcast News,https://en.wikipedia.org//wiki/Broadcast_News_(film),False,"['English', 'German', 'Scottish', 'Irish', 'ScotsIrishNorthern', 'Irish', 'Swedish']"
1987,Marcello Mastroiann,Romano,Dark Eyes,https://en.wikipedia.org//wiki/Dark_Eyes_(1987_film),False,['Italian']
1987,Jack Nicholso,Francis Phelan,Ironweed,https://en.wikipedia.org//wiki/Ironweed_(film),False,"['Irish', 'Scottish', 'English', 'Pennsylvania', 'DutchGerman', 'Welshbiological', 'Italian', 'Latvian', 'Ashkenazi', 'Jewish', 'Baltic', 'German']"
1987,Robin William,Adrian Cronauer,"Good Morning, Vietnam","https://en.wikipedia.org//wiki/Good_Morning,_Vietnam",False,"['English', 'Welsh', 'Irish', 'Scottish', 'German', 'French']"
1988,Dustin Hoffman,Raymond Babbitt,Rain Man,https://en.wikipedia.org//wiki/Rain_Man,True,"['Ashkenazi', 'Jewish']"
1988,Gene Hackma,Agent Rupert Anderson,Mississippi Burning,https://en.wikipedia.org//wiki/Mississippi_Burning,False,"['English', 'German', 'Scottish', 'Dutch']"
1988,Tom Hank,Josh Baskin,Big,https://en.wikipedia.org//wiki/Big_(film),False,"['English', 'Cornish', 'German', 'Scottish', 'Welsh', 'Portuguese']"
1988,Edward James Olmo,Jaime Escalante,Stand and Deliver,https://en.wikipedia.org//wiki/Stand_and_Deliver,False,['Mexican']
1988,Max von Sydo,Lassefar,Pelle the Conqueror,https://en.wikipedia.org//wiki/Pelle_the_Conqueror,False,"['Swedish', 'German', 'Scottish']"
1989,Daniel Day-Lewis,Christy Brown,My Left Foot,https://en.wikipedia.org//wiki/My_Left_Foot,True,"['English', 'Northern', 'Irish', 'Welsh', 'Ashkenazi', 'Jewish']"
1989,Kenneth Branag,King Henry V of England,Henry V,https://en.wikipedia.org//wiki/Henry_V_of_England,False,"['Northern', 'Irish']"
1989,Tom Cruis,Ron Kovic,Born on the Fourth of July,https://en.wikipedia.org//wiki/Born_on_the_Fourth_of_July_(film),False,"['German4375', 'Irish125', 'English', 'Welsh']"
1989,Morgan Freema,Hoke Colburn,Driving Miss Daisy,https://en.wikipedia.org//wiki/Driving_Miss_Daisy,False,"['AfricanAmerican', 'English']"
1989,Robin William,"John Charles ""Keats"" Keating",Dead Poets Society,https://en.wikipedia.org//wiki/Dead_Poets_Society,False,"['English', 'Welsh', 'Irish', 'Scottish', 'German', 'French']"
1990,Jeremy Irons,Claus von Bülow,Reversal of Fortune,https://en.wikipedia.org//wiki/Reversal_of_Fortune,True,"['English', 'Irish', 'Scottish']"
1990,Kevin Costne,Lieutenant John J. Dunbar,Dances with Wolves,https://en.wikipedia.org//wiki/Dances_with_Wolves,False,"['English', 'German', 'SwissGerman', 'Scottish', 'Welsh', 'Irish', 'ScotsIrishNorthern', 'Irish']"
1990,Robert De Nir,Leonard Lowe,Awakenings,https://en.wikipedia.org//wiki/Awakenings,False,"['Italian', 'Irish', 'German', 'Dutch', 'English', 'French', 'Huguenot', 'Scottish', 'ScotsIrishNorthern', 'Irish']"
1990,Gérard Depardie,Cyrano de Bergerac,Cyrano de Bergerac,https://en.wikipedia.org//wiki/Cyrano_de_Bergerac,False,[]
1990,Richard Harri,"""Bull"" McCabe",The Field,https://en.wikipedia.org//wiki/The_Field_(film),False,"['Irish', 'English']"
1991,Anthony Hopkins,Dr. Hannibal Lecter,The Silence of the Lambs,https://en.wikipedia.org//wiki/The_Silence_of_the_Lambs_(film),True,"['Welsh', 'English']"
1991,Warren Beatt,"Benjamin ""Bugsy"" Siegel",Bugsy,https://en.wikipedia.org//wiki/Bugsy_Siegel,False,"['English', 'Scottish', 'Irish', 'French', 'Danish', 'Dutch']"
1991,Robert De Nir,"Maximilian ""Max"" Cady",Cape Fear,https://en.wikipedia.org//wiki/Cape_Fear_(1991_film),False,"['Italian', 'Irish', 'German', 'Dutch', 'English', 'French', 'Huguenot', 'Scottish', 'ScotsIrishNorthern', 'Irish']"
1991,Nick Nolt,Tom Wingo,The Prince of Tides,https://en.wikipedia.org//wiki/The_Prince_of_Tides,False,"['German', 'English', 'Scottish', 'Northern', 'Irish', 'ScotsIrish', 'SwissGerman']"
1991,Robin William,"Henry ""Parry"" Sagan",The Fisher King,https://en.wikipedia.org//wiki/The_Fisher_King,False,"['English', 'Welsh', 'Irish', 'Scottish', 'German', 'French']"
1992,Al Pacino,Lieutenant Colonel Frank Slade,Scent of a Woman,https://en.wikipedia.org//wiki/Scent_of_a_Woman_(1992_film),True,"['Italian', 'Sicilian', 'Neapolitan']"
1992,Robert Downey Jr,Charlie Chaplin,Chaplin,https://en.wikipedia.org//wiki/Charlie_Chaplin,False,"['Ashkenazi', 'Jewish', 'English', 'Scottish', 'German', 'SwissGerman', 'Irish']"
1992,Clint Eastwoo,"William ""Will"" Munny",Unforgiven,https://en.wikipedia.org//wiki/Unforgiven,False,"['English', 'Scottish', 'Irish', 'German', 'Dutch', 'Welsh']"
1992,Stephen Re,Fergus,The Crying Game,https://en.wikipedia.org//wiki/The_Crying_Game,False,[]
1992,Denzel Washingto,Malcolm X,Malcolm X,https://en.wikipedia.org//wiki/Malcolm_X,False,['AfricanAmerican']
1993,Tom Hanks,Andrew Beckett,Philadelphia,https://en.wikipedia.org//wiki/Philadelphia_(film),True,"['English', 'Cornish', 'German', 'Scottish', 'Welsh', 'Portuguese']"
1993,Daniel Day-Lewi,Gerry Conlon,In the Name of the Father,https://en.wikipedia.org//wiki/In_the_Name_of_the_Father_(film),False,"['English', 'Northern', 'Irish', 'Welsh', 'Ashkenazi', 'Jewish']"
1993,Laurence Fishburn,Ike Turner,What's Love Got to Do with It,https://en.wikipedia.org//wiki/What%27s_Love_Got_to_Do_with_It_(film),False,['AfricanAmerican']
1993,Anthony Hopkin,James Stevens,The Remains of the Day,https://en.wikipedia.org//wiki/The_Remains_of_the_Day_(film),False,"['Welsh', 'English']"
1993,Liam Neeso,Oskar Schindler,Schindler's List,https://en.wikipedia.org//wiki/Schindler%27s_List,False,['Irish']
1994,Tom Hanks,Forrest Gump,Forrest Gump,https://en.wikipedia.org//wiki/Forrest_Gump_(character),True,"['English', 'Cornish', 'German', 'Scottish', 'Welsh', 'Portuguese']"
1994,Morgan Freema,"Ellis Boyd ""Red"" Redding",The Shawshank Redemption,https://en.wikipedia.org//wiki/The_Shawshank_Redemption,False,"['AfricanAmerican', 'English']"
1994,Nigel Hawthorn,King George III,The Madness of King George,https://en.wikipedia.org//wiki/The_Madness_of_King_George,False,[]
1994,Paul Newma,"Donald ""Sully"" Sullivan",Nobody's Fool,https://en.wikipedia.org//wiki/Nobody%27s_Fool_(1994_film),False,"['Jewish', 'Slovak']"
1994,John Travolt,Vincent Vega,Pulp Fiction,https://en.wikipedia.org//wiki/Pulp_Fiction,False,"['ItalianSicilian50', 'Irish']"
1995,Nicolas Cage,Ben Sanderson,Leaving Las Vegas,https://en.wikipedia.org//wiki/Leaving_Las_Vegas,True,"['Italian25', 'Polish1875', 'German625', 'British', 'Isles', 'English', 'Scottish']"
1995,Richard Dreyfus,Glenn Holland,Mr. Holland's Opus,https://en.wikipedia.org//wiki/Mr._Holland%27s_Opus,False,"['Ashkenazi', 'Jewish']"
1995,Anthony Hopkin,Richard Nixon,Nixon,https://en.wikipedia.org//wiki/Richard_Nixon,False,"['Welsh', 'English']"
1995,Sean Pen,Matthew Poncelet,Dead Man Walking,https://en.wikipedia.org//wiki/Dead_Man_Walking_(film),False,"['Jewish', 'Italian', 'Irish']"
1995,Massimo Troisi *,Mario Ruoppolo,Il Postino: The Postman,https://en.wikipedia.org//wiki/Il_Postino:_The_Postman,False,[]
1996,Geoffrey Rush,David Helfgott,Shine,https://en.wikipedia.org//wiki/Shine_(film),True,"['Irish', 'Scottish', 'German']"
1996,Tom Cruis,Jerry Maguire,Jerry Maguire,https://en.wikipedia.org//wiki/Jerry_Maguire,False,"['German4375', 'Irish125', 'English', 'Welsh']"
1996,Ralph Fienne,Count László de Almásy,The English Patient,https://en.wikipedia.org//wiki/The_English_Patient_(film),False,"['English', 'Northern', 'Irish', 'Irish', 'Scottish']"
1996,Woody Harrelso,Larry Flynt,The People vs. Larry Flynt,https://en.wikipedia.org//wiki/The_People_vs._Larry_Flynt,False,"['English', 'Scottish', 'German', 'Dutch', 'Welsh', 'Danish', 'French']"
1996,Billy Bob Thornto,Karl Childers,Sling Blade,https://en.wikipedia.org//wiki/Sling_Blade,False,"['English', 'Scottish', 'Irish']"
1997,Jack Nicholson,Melvin Udall,As Good as It Gets,https://en.wikipedia.org//wiki/As_Good_as_It_Gets,True,"['Irish', 'Scottish', 'English', 'Pennsylvania', 'DutchGerman', 'Welshbiological', 'Italian', 'Latvian', 'Ashkenazi', 'Jewish', 'Baltic', 'German']"
1997,Matt Damo,Will Hunting,Good Will Hunting,https://en.wikipedia.org//wiki/Good_Will_Hunting,False,"['Scottish', 'Welsh', 'Finnish', 'Swedish', 'Norwegian']"
1997,Robert Duval,"Euliss ""Sonny"" Dewey",The Apostle,https://en.wikipedia.org//wiki/The_Apostle,False,"['English', 'German', 'SwissGerman', 'French', 'Welsh', 'Scottish']"
1997,Peter Fond,"Ulysses ""Ulee"" Jackson",Ulee's Gold,https://en.wikipedia.org//wiki/Ulee%27s_Gold,False,"['Dutch', 'English', 'Scottish', 'FrenchCanadian', 'Italian', 'German', 'Belgian', 'Flemish', 'Norwegian', 'Cornish']"
1997,Dustin Hoffma,Stanley Motss,Wag the Dog,https://en.wikipedia.org//wiki/Wag_the_Dog,False,"['Ashkenazi', 'Jewish']"
1998,Roberto Benigni,Guido Orefice,Life Is Beautiful,https://en.wikipedia.org//wiki/Life_Is_Beautiful,True,['Italian']
1998,Tom Hank,Captain John H. Miller,Saving Private Ryan,https://en.wikipedia.org//wiki/Saving_Private_Ryan,False,"['English', 'Cornish', 'German', 'Scottish', 'Welsh', 'Portuguese']"
1998,Ian McKelle,James Whale,Gods and Monsters,https://en.wikipedia.org//wiki/Gods_and_Monsters_(film),False,"['Scottish', 'Northern', 'Irish', 'English']"
1998,Nick Nolt,Wade Whitehouse,Affliction,https://en.wikipedia.org//wiki/Affliction_(1997_film),False,"['German', 'English', 'Scottish', 'Northern', 'Irish', 'ScotsIrish', 'SwissGerman']"
1998,Edward Norto,Derek Vinyard,American History X,https://en.wikipedia.org//wiki/American_History_X,False,"['English', 'German', 'ScotsIrishNorthern', 'Irish', 'SwissGerman']"
1999,Kevin Spacey,Lester Burnham,American Beauty,https://en.wikipedia.org//wiki/American_Beauty_(1999_film),True,"['Swedish', 'English', 'Welsh']"
1999,Russell Crow,Jeffrey Wigand,The Insider,https://en.wikipedia.org//wiki/The_Insider_(film),False,"['Welsh', 'English', 'Scottish', 'Irish', 'Māori', 'Norwegian', 'Swedish', 'German', 'Italian']"
1999,Richard Farnswort,Alvin Straight,The Straight Story,https://en.wikipedia.org//wiki/The_Straight_Story,False,[]
1999,Sean Pen,Emmet Ray,Sweet and Lowdown,https://en.wikipedia.org//wiki/Sweet_and_Lowdown,False,"['Jewish', 'Italian', 'Irish']"
1999,Denzel Washingto,"Rubin ""The Hurricane"" Carter",The Hurricane,https://en.wikipedia.org//wiki/Rubin_Carter,False,['AfricanAmerican']
2000,Russell Crowe,Maximus Decimus Meridius,Gladiator,https://en.wikipedia.org//wiki/Gladiator_(2000_film),True,"['Welsh', 'English', 'Scottish', 'Irish', 'Māori', 'Norwegian', 'Swedish', 'German', 'Italian']"
2000,Javier Barde,Reinaldo Arenas,Before Night Falls,https://en.wikipedia.org//wiki/Before_Night_Falls_(film),False,"['Spanish', 'Castilian', 'Leónese', 'Basque', 'Catalan', 'British', 'Isles', 'Irish', 'English']"
2000,Tom Hank,Chuck Noland,Cast Away,https://en.wikipedia.org//wiki/Cast_Away,False,"['English', 'Cornish', 'German', 'Scottish', 'Welsh', 'Portuguese']"
2000,Ed Harri,Jackson Pollock,Pollock,https://en.wikipedia.org//wiki/Jackson_Pollock,False,"['English', 'German', 'Scottish', 'Welsh']"
2000,Geoffrey Rus,Marquis de Sade,Quills,https://en.wikipedia.org//wiki/Quills,False,"['Irish', 'Scottish', 'German']"
2001,Denzel Washington,Detective Alonzo Harris,Training Day,https://en.wikipedia.org//wiki/Training_Day,True,['AfricanAmerican']
2001,Russell Crow,John Forbes Nash Jr.,A Beautiful Mind,https://en.wikipedia.org//wiki/A_Beautiful_Mind_(film),False,"['Welsh', 'English', 'Scottish', 'Irish', 'Māori', 'Norwegian', 'Swedish', 'German', 'Italian']"
2001,Sean Pen,Sam Dawson,I Am Sam,https://en.wikipedia.org//wiki/I_Am_Sam,False,"['Jewish', 'Italian', 'Irish']"
2001,Will Smit,Muhammad Ali,Ali,https://en.wikipedia.org//wiki/Muhammad_Ali,False,['AfricanAmerican']
2001,Tom Wilkinso,Dr. Matt Fowler,In the Bedroom,https://en.wikipedia.org//wiki/In_the_Bedroom,False,"['English', 'Scottish']"
2002,Adrien Brody,Władysław Szpilman,The Pianist,https://en.wikipedia.org//wiki/The_Pianist_(2002_film),True,"['Ashkenazi', 'Jewish25', 'Hungarian']"
2002,Nicolas Cag,Charlie Kaufman / Donald Kaufman,Adaptation,https://en.wikipedia.org//wiki/Adaptation_(film),False,"['Italian25', 'Polish1875', 'German625', 'British', 'Isles', 'English', 'Scottish']"
2002,Michael Cain,Thomas Fowler,The Quiet American,https://en.wikipedia.org//wiki/The_Quiet_American_(2002_film),False,"['English', 'Irish']"
2002,Daniel Day-Lewi,"William ""Bill the Butcher"" Cutting",Gangs of New York,https://en.wikipedia.org//wiki/Gangs_of_New_York,False,"['English', 'Northern', 'Irish', 'Welsh', 'Ashkenazi', 'Jewish']"
2002,Jack Nicholso,Warren R. Schmidt,About Schmidt,https://en.wikipedia.org//wiki/About_Schmidt,False,"['Irish', 'Scottish', 'English', 'Pennsylvania', 'DutchGerman', 'Welshbiological', 'Italian', 'Latvian', 'Ashkenazi', 'Jewish', 'Baltic', 'German']"
2003,Sean Penn,Jimmy Markum,Mystic River,https://en.wikipedia.org//wiki/Mystic_River_(film),True,"['Jewish', 'Italian', 'Irish']"
2003,Johnny Dep,Captain Jack Sparrow,Pirates of the Caribbean: The Curse of the Black Pearl,https://en.wikipedia.org//wiki/Pirates_of_the_Caribbean:_The_Curse_of_the_Black_Pearl,False,"['English', 'Irish', 'ScotsIrishNorthern', 'Irish', 'Scottish', 'Welsh', 'French', 'FrenchCanadian', 'Dutch', 'Flemish', 'Belgian', 'German', 'African']"
2003,Ben Kingsle,Colonel Massoud Amir Behrani,House of Sand and Fog,https://en.wikipedia.org//wiki/House_of_Sand_and_Fog_(film),False,"['Gujarati', 'Indianmaternal', 'Englishmaternal', 'Ashkenazi', 'Jewish']"
2003,Jude La,W. P. Inman,Cold Mountain,https://en.wikipedia.org//wiki/Cold_Mountain_(film),False,"['English', 'Welsh', 'Scottish']"
2003,Bill Murra,Bob Harris,Lost in Translation,https://en.wikipedia.org//wiki/Lost_in_Translation_(film),False,['Irish']
2004,Jamie Foxx,Ray Charles,Ray,https://en.wikipedia.org//wiki/Ray_Charles,True,['AfricanAmerican']
2004,Don Cheadl,Paul Rusesabagina,Hotel Rwanda,https://en.wikipedia.org//wiki/Hotel_Rwanda,False,['AfricanAmerican']
2004,Johnny Dep,J. M. Barrie,Finding Neverland,https://en.wikipedia.org//wiki/Finding_Neverland_(film),False,"['English', 'Irish', 'ScotsIrishNorthern', 'Irish', 'Scottish', 'Welsh', 'French', 'FrenchCanadian', 'Dutch', 'Flemish', 'Belgian', 'German', 'African']"
2004,Leonardo DiCapri,Howard Hughes,The Aviator,https://en.wikipedia.org//wiki/The_Aviator_(2004_film),False,"['German', 'German', 'Russian']"
2004,Clint Eastwoo,Frankie Dunn,Million Dollar Baby,https://en.wikipedia.org//wiki/Million_Dollar_Baby,False,"['English', 'Scottish', 'Irish', 'German', 'Dutch', 'Welsh']"
2005,Philip Seymour Hoffman,Truman Capote,Capote,https://en.wikipedia.org//wiki/Truman_Capote,True,"['Irish', 'English', 'German', 'Dutch', 'Polish']"
2005,Terrence Howar,Djay,Hustle & Flow,https://en.wikipedia.org//wiki/Hustle_%26_Flow,False,['AfricanAmerican']
2005,Heath Ledge,Ennis Del Mar,Brokeback Mountain,https://en.wikipedia.org//wiki/Brokeback_Mountain,False,"['English', 'Irish', 'Scottish', 'Welsh', 'Jewish', 'Ashkenazi', 'Sephardi']"
2005,Joaquin Phoeni,Johnny Cash,Walk the Line,https://en.wikipedia.org//wiki/Walk_the_Line,False,"['English', 'Scottish', 'ScotsIrishNorthern', 'Irish', 'German', 'Irish', 'Welsh', 'French', 'Huguenot', 'Ashkenazi', 'Jewish']"
2005,David Strathair,Edward R. Murrow,"Good Night, and Good Luck","https://en.wikipedia.org//wiki/Good_Night,_and_Good_Luck",False,"['Scottish', 'Irish', 'Native', 'Hawaiian', 'Chinese', 'Azorean', 'Portuguese', 'Scottish', 'English']"
2006,Forest Whitaker,Idi Amin,The Last King of Scotland,https://en.wikipedia.org//wiki/The_Last_King_of_Scotland_(film),True,['AfricanAmerican']
2006,Leonardo DiCapri,Danny Archer,Blood Diamond,https://en.wikipedia.org//wiki/Blood_Diamond,False,"['German', 'German', 'Russian']"
2006,Ryan Goslin,Dan Dunne,Half Nelson,https://en.wikipedia.org//wiki/Half_Nelson_(film),False,"['FrenchCanadian', 'English', 'Scottish', 'Irish', 'German', 'AfricanAmerican']"
2006,Peter O'Tool,Maurice Russell,Venus,https://en.wikipedia.org//wiki/Venus_(2006_film),False,"['Irish', 'Scottish']"
2006,Will Smit,Chris Gardner,The Pursuit of Happyness,https://en.wikipedia.org//wiki/The_Pursuit_of_Happyness,False,['AfricanAmerican']
2007,Daniel Day-Lewis,Daniel Plainview,There Will Be Blood,https://en.wikipedia.org//wiki/There_Will_Be_Blood,True,"['English', 'Northern', 'Irish', 'Welsh', 'Ashkenazi', 'Jewish']"
2007,George Cloone,Michael Clayton,Michael Clayton,https://en.wikipedia.org//wiki/Michael_Clayton_(film),False,"['Irish', 'English', 'German', 'ScotsIrishNorthern', 'Irish', 'Scottish', 'Welsh', 'French', 'Huguenot', 'Dutch']"
2007,Johnny Dep,Sweeney Todd / Benjamin Barker,Sweeney Todd: The Demon Barber of Fleet Street,https://en.wikipedia.org//wiki/Sweeney_Todd:_The_Demon_Barber_of_Fleet_Street_(2007_film),False,"['English', 'Irish', 'ScotsIrishNorthern', 'Irish', 'Scottish', 'Welsh', 'French', 'FrenchCanadian', 'Dutch', 'Flemish', 'Belgian', 'German', 'African']"
2007,Tommy Lee Jone,Hank Deerfield,In the Valley of Elah,https://en.wikipedia.org//wiki/In_the_Valley_of_Elah,False,"['English', 'ScotsIrishNorthern', 'Irish', 'Scottish', 'Dutch']"
2007,Viggo Mortense,Nikolai Luzhin,Eastern Promises,https://en.wikipedia.org//wiki/Eastern_Promises,False,"['English', 'Scottish']"
2008,Sean Penn,Harvey Milk,Milk,https://en.wikipedia.org//wiki/Harvey_Milk,True,"['Jewish', 'Italian', 'Irish']"
2008,Richard Jenkin,Walter Vale,The Visitor,https://en.wikipedia.org//wiki/The_Visitor_(2007_drama_film),False,"['Welsh', 'English', 'Irish', 'German']"
2008,Frank Langell,Richard Nixon,Frost/Nixon,https://en.wikipedia.org//wiki/Frost/Nixon_(film),False,['Italian']
2008,Brad Pit,Benjamin Button,The Curious Case of Benjamin Button,https://en.wikipedia.org//wiki/The_Curious_Case_of_Benjamin_Button_(film),False,"['English', 'ScotsIrishNorthern', 'Irish', 'German', 'Scottish', 'Welsh', 'Irish', 'Swedish', 'Dutch', 'French', 'Cornish', 'Channel', 'IslanderJersey']"
2008,Mickey Rourk,"Randy ""The Ram"" Robinson",The Wrestler,https://en.wikipedia.org//wiki/The_Wrestler_(2008_film),False,"['Irish', 'German', 'FrenchCanadian', 'English', 'German']"
2009,Jeff Bridges,"Otis ""Bad"" Blake",Crazy Heart,https://en.wikipedia.org//wiki/Crazy_Heart,True,"['English', 'ScotsIrishNorthern', 'Irish', 'Irish', 'SwissGerman', 'German']"
2009,George Cloone,Ryan Bingham,Up in the Air,https://en.wikipedia.org//wiki/Up_in_the_Air_(2009_film),False,"['Irish', 'English', 'German', 'ScotsIrishNorthern', 'Irish', 'Scottish', 'Welsh', 'French', 'Huguenot', 'Dutch']"
2009,Colin Firt,George Falconer,A Single Man,https://en.wikipedia.org//wiki/A_Single_Man,False,"['English', 'Scottish', 'UlsterScotsNorthern', 'Irish']"
2009,Morgan Freema,Nelson Mandela,Invictus,https://en.wikipedia.org//wiki/Invictus_(film),False,"['AfricanAmerican', 'English']"
2009,Jeremy Renne,SFC William James,The Hurt Locker,https://en.wikipedia.org//wiki/The_Hurt_Locker,False,"['PanamanianJamaicanAfricanCaribbean', 'German', 'English', 'Scottish', 'Swedish', 'Irish']"
2010,Colin Firth,King George VI,The King's Speech,https://en.wikipedia.org//wiki/The_King%27s_Speech,True,"['English', 'Scottish', 'UlsterScotsNorthern', 'Irish']"
2010,Javier Barde,Uxbal,Biutiful,https://en.wikipedia.org//wiki/Biutiful,False,"['Spanish', 'Castilian', 'Leónese', 'Basque', 'Catalan', 'British', 'Isles', 'Irish', 'English']"
2010,Jeff Bridge,"Reuben ""Rooster"" Cogburn",True Grit,https://en.wikipedia.org//wiki/True_Grit_(2010_film),False,"['English', 'ScotsIrishNorthern', 'Irish', 'Irish', 'SwissGerman', 'German']"
2010,Jesse Eisenber,Mark Zuckerberg,The Social Network,https://en.wikipedia.org//wiki/The_Social_Network,False,"['Ashkenazi', 'Jewish']"
2010,James Franc,Aron Ralston,127 Hours,https://en.wikipedia.org//wiki/127_Hours,False,"['AfricanAmerican', 'Native', 'American']"
2011,Jean Dujardin,George Valentin,The Artist,https://en.wikipedia.org//wiki/The_Artist_(film),True,['French']
2011,Demián Bichi,Carlos Galindo,A Better Life,https://en.wikipedia.org//wiki/A_Better_Life,False,[]
2011,George Cloone,Matthew King,The Descendants,https://en.wikipedia.org//wiki/The_Descendants,False,"['Irish', 'English', 'German', 'ScotsIrishNorthern', 'Irish', 'Scottish', 'Welsh', 'French', 'Huguenot', 'Dutch']"
2011,Gary Oldma,George Smiley,Tinker Tailor Soldier Spy,https://en.wikipedia.org//wiki/Tinker_Tailor_Soldier_Spy_(film),False,"['English', 'Irish']"
2011,Brad Pit,Billy Beane,Moneyball,https://en.wikipedia.org//wiki/Moneyball_(film),False,"['English', 'ScotsIrishNorthern', 'Irish', 'German', 'Scottish', 'Welsh', 'Irish', 'Swedish', 'Dutch', 'French', 'Cornish', 'Channel', 'IslanderJersey']"
2012,Daniel Day-Lewis,Abraham Lincoln,Lincoln,https://en.wikipedia.org//wiki/Abraham_Lincoln,True,"['English', 'Northern', 'Irish', 'Welsh', 'Ashkenazi', 'Jewish']"
2012,Bradley Coope,"Patrizio ""Pat"" Solitano, Jr.",Silver Linings Playbook,https://en.wikipedia.org//wiki/Silver_Linings_Playbook,False,['Italian']
2012,Hugh Jackma,Jean Valjean,Les Misérables,https://en.wikipedia.org//wiki/Les_Mis%C3%A9rables_(2012_film),False,"['English25', 'Scottish125', 'Greek']"
2012,Joaquin Phoeni,Freddie Quell,The Master,https://en.wikipedia.org//wiki/The_Master_(2012_film),False,"['English', 'Scottish', 'ScotsIrishNorthern', 'Irish', 'German', 'Irish', 'Welsh', 'French', 'Huguenot', 'Ashkenazi', 'Jewish']"
2012,Denzel Washingto,"William ""Whip"" Whitaker, Sr.",Flight,https://en.wikipedia.org//wiki/Flight_(2012_film),False,['AfricanAmerican']
2013,Matthew McConaughey,Ron Woodroof,Dallas Buyers Club,https://en.wikipedia.org//wiki/Dallas_Buyers_Club,True,"['Irish', 'English', 'Scottish', 'German', 'Swedish', 'Welsh']"
2013,Christian Bal,Irving Rosenfeld,American Hustle,https://en.wikipedia.org//wiki/American_Hustle,False,"['English', 'Channel', 'Islander', 'Guernsey', 'German']"
2013,Bruce Der,"Woodrow ""Woody"" Grant",Nebraska,https://en.wikipedia.org//wiki/Nebraska_(film),False,"['German', 'English', 'Scottish', 'ScotsIrishNorthern', 'Irish', 'Dutch', 'Welsh']"
2013,Leonardo DiCapri,Jordan Belfort,The Wolf of Wall Street,https://en.wikipedia.org//wiki/The_Wolf_of_Wall_Street_(2013_film),False,"['German', 'German', 'Russian']"
2013,Chiwetel Ejiofo,Solomon Northup,12 Years a Slave,https://en.wikipedia.org//wiki/12_Years_a_Slave_(film),False,"['Igbo', 'Nigerian']"
2014,Eddie Redmayne,Stephen Hawking,The Theory of Everything,https://en.wikipedia.org//wiki/The_Theory_of_Everything_(2014_film),True,"['English', 'Irish', 'Scottish', 'Northern', 'Irish', 'Welsh']"
2014,Steve Carel,John du Pont,Foxcatcher,https://en.wikipedia.org//wiki/Foxcatcher,False,"['German', 'Polish']"
2014,Bradley Coope,Chris Kyle,American Sniper,https://en.wikipedia.org//wiki/American_Sniper,False,['Italian']
2014,Benedict Cumberbatc,Alan Turing,The Imitation Game,https://en.wikipedia.org//wiki/The_Imitation_Game,False,"['English', 'Welsh', 'Scottish', 'Cornish', 'French', 'SwissFrench', 'Swedish', 'German', 'Dutch']"
2014,Michael Keato,Riggan Thomson,Birdman,https://en.wikipedia.org//wiki/Birdman_(film),False,"['English', 'Scottish', 'ScotsIrishNorthern', 'Irish', 'Irish']"
2015,Leonardo DiCaprio,Hugh Glass,The Revenant,https://en.wikipedia.org//wiki/The_Revenant_(2015_film),True,"['German', 'German', 'Russian']"
2015,Bryan Cransto,Dalton Trumbo,Trumbo,https://en.wikipedia.org//wiki/Dalton_Trumbo,False,"['German', 'SwissGerman25', 'IrishNorthern', 'Irish125', 'Ashkenazi', 'Jewish']"
2015,Matt Damo,Mark Watney,The Martian,https://en.wikipedia.org//wiki/The_Martian_(film),False,"['Scottish', 'Welsh', 'Finnish', 'Swedish', 'Norwegian']"
2015,Michael Fassbende,Steve Jobs,Steve Jobs,https://en.wikipedia.org//wiki/Steve_Jobs,False,['Irish']
2015,Eddie Redmayn,Lili Elbe,The Danish Girl,https://en.wikipedia.org//wiki/The_Danish_Girl_(film),False,"['English', 'Irish', 'Scottish', 'Northern', 'Irish', 'Welsh']"
2016,Casey Affleck,Lee Chandler,Manchester by the Sea,https://en.wikipedia.org//wiki/Manchester_by_the_Sea_(film),True,"['English', 'Irish', 'German', 'Scottish', 'ScotsIrishNorthern', 'Irish', 'French', 'SwissGerman', 'Swedish', 'Welsh']"
2016,Andrew Garfiel,Desmond Doss,Hacksaw Ridge,https://en.wikipedia.org//wiki/Hacksaw_Ridge,False,"['Jewish', 'English']"
2016,Ryan Goslin,Sebastian Wilder,La La Land,https://en.wikipedia.org//wiki/La_La_Land_(film),False,"['FrenchCanadian', 'English', 'Scottish', 'Irish', 'German', 'AfricanAmerican']"
2016,Viggo Mortense,Ben Cash,Captain Fantastic,https://en.wikipedia.org//wiki/Captain_Fantastic_(film),False,"['English', 'Scottish']"
2016,Denzel Washingto,Troy Maxson,Fences,https://en.wikipedia.org//wiki/Fences_(film),False,['AfricanAmerican']
2017,Gary Oldman,Winston Churchill,Darkest Hour,https://en.wikipedia.org//wiki/Darkest_Hour_(film),True,"['English', 'Irish']"
2017,Timothée Chalame,Elio Perlman,Call Me by Your Name,https://en.wikipedia.org//wiki/Call_Me_by_Your_Name_(film),False,[]
2017,Daniel Day-Lewi,Reynolds Woodcock,Phantom Thread,https://en.wikipedia.org//wiki/Phantom_Thread,False,"['English', 'Northern', 'Irish', 'Welsh', 'Ashkenazi', 'Jewish']"
2017,Daniel Kaluuy,Chris Washington,Get Out,https://en.wikipedia.org//wiki/Get_Out,False,['Ugandan']
2017,Denzel Washingto,Roman J. Israel,"Roman J. Israel, Esq.","https://en.wikipedia.org//wiki/Roman_J._Israel,_Esq.",False,['AfricanAmerican']
2018,Rami Malek,Freddie Mercury,Bohemian Rhapsody,https://en.wikipedia.org//wiki/Bohemian_Rhapsody_(film),True,"['Egyptian125', 'Greek']"
2018,Christian Bal,Dick Cheney,Vice,https://en.wikipedia.org//wiki/Vice_(2018_film),False,"['English', 'Channel', 'Islander', 'Guernsey', 'German']"
2018,Bradley Coope,Jackson Maine,A Star Is Born,https://en.wikipedia.org//wiki/A_Star_Is_Born_(2018_film),False,['Italian']
2018,Willem Dafo,Vincent van Gogh,At Eternity's Gate,https://en.wikipedia.org//wiki/At_Eternity%27s_Gate_(film),False,"['German', 'English', 'Irish', 'Northern', 'Irish', 'Scottish', 'SwissFrench', 'French']"
2018,Viggo Mortense,"Tony ""Lip"" Vallelonga",Green Book,https://en.wikipedia.org//wiki/Green_Book_(film),False,"['English', 'Scottish']"
2019,Joaquin Phoenix,Arthur Fleck / Joker,Joker,https://en.wikipedia.org//wiki/Joker_(character),True,"['English', 'Scottish', 'ScotsIrishNorthern', 'Irish', 'German', 'Irish', 'Welsh', 'French', 'Huguenot', 'Ashkenazi', 'Jewish']"
2019,Antonio Bandera,Salvador Mallo,Pain and Glory,https://en.wikipedia.org//wiki/Pain_and_Glory,False,['Spanish']
2019,Leonardo DiCapri,Rick Dalton,Once Upon a Time in Hollywood,https://en.wikipedia.org//wiki/Once_Upon_a_Time_in_Hollywood,False,"['German', 'German', 'Russian']"
2019,Adam Drive,Charlie Barber,Marriage Story,https://en.wikipedia.org//wiki/Marriage_Story,False,"['English', 'DutchFrisian', 'German', 'Irish', 'Scottish', 'ScotsIrishNorthern', 'Irish', 'Welsh', 'French', 'Swedish']"
2019,Jonathan Pryc,Cardinal Jorge Mario Bergoglio,The Two Popes,https://en.wikipedia.org//wiki/The_Two_Popes,False,['Welsh']
